seq_id,sequence,match,matched_label,matched_sequence
IGHD1-1*01,GGTATAGCTGGAACTAT,exact,2J4B,GGTATAGCTGGAACTAT
IGHD1-2*01,GGTATAACTGGAACGAC,exact,HNIJ,GGTATAACTGGAACGAC
IGHD1-3*01,GGTATAGCTGGAACGAC,exact,EGKR,GGTATAGCTGGAACGAC
IGHD1-4*01,GATATAGCTGGAACAAC,exact,GRMY,GATATAGCTGGAACAAC
IGHD1-5*01,GGTATAACTGGAACTAC,exact,BKY4,GGTATAACTGGAACTAC
IGHD1-6*01,GGTATAACTGGAATGAC,exact,RIPD,GGTATAACTGGAATGAC
IGHD1-7*01,GGAACACCTGGAACGAC,exact,QQWR,GGAACACCTGGAACGAC
IGHD1-8*01,GGTATAGTGGGAGCTACAAC,exact,4XBI,GGTATAGTGGGAGCTACAAC
IGHD2-10*01,AGAATATTGTAGTAGTACTTACTGCTCCTCC,exact,ELDI,AGAATATTGTAGTAGTACTTACTGCTCCTCC
IGHD2-10*01_S295,AGAATATTGTAGTAGTACTTACTGCTACGCC,exact,WWBX,AGAATATTGTAGTAGTACTTACTGCTACGCC
IGHD2-10*01_S8741,AGCATATTGTAGTGGTACTTACTGCTCCTCC,exact,B4TS,AGCATATTGTAGTGGTACTTACTGCTCCTCC
IGHD2-11*01,AGAATACTGTACTGGTAGTGGTTGCTACGCC,exact,EEQU,AGAATACTGTACTGGTAGTGGTTGCTACGCC
IGHD2-11*01_S1259,AGAATACTGTACTGGTAGTGGTTGCTATGCC,exact,5Q35,AGAATACTGTACTGGTAGTGGTTGCTATGCC
IGHD2-12*01,AGAATATTGTAGTGGTATTTACTGCTATGCC,exact,JYXZ,AGAATATTGTAGTGGTATTTACTGCTATGCC
IGHD2-13*01,AGCACACTGTAGTGATAGTGGCTGCTCCTCC,exact,B3VX,AGCACACTGTAGTGATAGTGGCTGCTCCTCC
IGHD2-14*01,AGCATATTGTAGTCGTGGTGTCTGCTACGCC,exact,TVO6,AGCATATTGTAGTCGTGGTGTCTGCTACGCC
IGHD2-14*02_S0040,AGCATATTGTAGTGGTACTTACTGCTACGCC,exact,26EL,AGCATATTGTAGTGGTACTTACTGCTACGCC
IGHD2-14*02_S0100,AGGATATTGTAGTGGTGGTGTCTGCTACACC,exact,MSKE,AGGATATTGTAGTGGTGGTGTCTGCTACACC
IGHD2-14*02_S1717,AGGATATTGTAGTGGTGGTGTCTGCTATGCC,exact,YCDP,AGGATATTGTAGTGGTGGTGTCTGCTATGCC
IGHD2-9*01,AGGATATTGTACTAGTACTACTTGCTATGCC,exact,ANVS,AGGATATTGTACTAGTACTACTTGCTATGCC
IGHD3-15*01,GTATTACGAGGATGATTACGGTTACTATTACACC,query_is_existing_sub,PSVV,GTATTACGAGGATGATTACGGTTACTATTACACCCACAGCGT
IGHD3-16*01,GTATTACTATAGTGGTAGTTATTACTAC,query_is_existing_sub,IQ3M,GTATTACTATAGTGGTAGTTATTACTACCACAGTGT
IGHD3-17*01,GTACTGGGGTGATTATTATGAC,exact,TYP3,GTACTGGGGTGATTATTATGAC
IGHD3-18*01,GTATTACTATGGTAGTGGTTATTACACC,query_is_new_sub,E4WX,GTATTACTATGGTAGTGGTTATTACACCCACAGCGT
IGHD3-19*02_S4720,GTACTGGAGTGATTATTATGAC,exact,7HR7,GTACTGGAGTGATTATTATGAC
IGHD3-20*01,GTATTACGATTACGATATTAGTAGTCGATATTAAACC,exact,SXKU,GTATTACGATTACGATATTAGTAGTCGATATTAAACC
IGHD3-41*01,GTATTACAATATTTGGACTGGTTATTATACC,exact,XZHP,GTATTACAATATTTGGACTGGTTATTATACC
IGHD3-41*01_S1308,GTATTACAATATTTGGACTGGTTATTACACC,exact,X66R,GTATTACAATATTTGGACTGGTTATTACACC
IGHD3-41*01_S1524,GTATTACAATATTTGGAGTGGTTATTACACC,exact,XOPD,GTATTACAATATTTGGAGTGGTTATTACACC
IGHD3-41*01_S4389,GTATTACAATTTTTGGACTGGTTATTATACC,exact,LDYU,GTATTACAATTTTTGGACTGGTTATTATACC
IGHD3-41*01_S8240,GTATTACAATTTTTGGAGTGGTTATTACACC,exact,NW5N,GTATTACAATTTTTGGAGTGGTTATTACACC
IGHD4-21*01,TGACTACCATAACTA,exact,ZLQB,TGACTACCATAACTA
IGHD4-23*01,TGAATACAGTAACTAC,exact,W6GH,TGAATACAGTAACTAC
IGHD4-24*01,TGACTACGGTAGCAACTAC,exact,AWN2,TGACTACGGTAGCAACTAC
IGHD4-25*01,TGACTACGGTAACTAC,exact,74CP,TGACTACGGTAACTAC
IGHD5-27*01,GTGGATACAGTGGGTACAGTTAC,exact,X76R,GTGGATACAGTGGGTACAGTTAC
IGHD5-28*01,GTGGATACAGCTACAGTTAC,query_is_existing_sub,SIXJ,GTGGATACAGCTACAGTTACCACAGTTTTGCCACC
IGHD5-29*01,GTGGATACAGCTACAGTTACCACAGTTTTGCCACC,exact,SIXJ,GTGGATACAGCTACAGTTACCACAGTTTTGCCACC
IGHD5-31*01,GTGGATATAGCTACGGTTAC,exact,75EJ,GTGGATATAGCTACGGTTAC
IGHD5-32*01,GGGGATACAGTGGGTACAGTTAC,exact,XVBC,GGGGATACAGTGGGTACAGTTAC
IGHD5-32*01_S0263,GGAGATACAGTGGGTACAGTTAC,exact,MKDU,GGAGATACAGTGGGTACAGTTAC
IGHD5-32*01_S0995,GGGGATACAGCGGGTACAGTTAC,exact,Y6CT,GGGGATACAGCGGGTACAGTTAC
IGHD5-32*01_S2987,GGAGATACAGCGGGTACAGTTAC,exact,OIWX,GGAGATACAGCGGGTACAGTTAC
IGHD6-33*01,GGGTATAGCAGCGGCTGGTAC,exact,M23Z,GGGTATAGCAGCGGCTGGTAC
IGHD6-34*01,GGGTATAGCAGCTGGTCC,exact,64ZP,GGGTATAGCAGCTGGTCC
IGHD6-35*01,GGGTATAGCAGCAGATCC,exact,ZH6I,GGGTATAGCAGCAGATCC
IGHD6-36*01,GGGTATAGCGGCAGCTGGAAC,exact,T3KD,GGGTATAGCGGCAGCTGGAAC
IGHD6-38*01,GGGTATAGCGGTGGCTGGTCC,exact,S45X,GGGTATAGCGGTGGCTGGTCC
IGHD6-38*01_S4618,GGGTATAGTGGTGGCTGGTCC,exact,LDSS,GGGTATAGTGGTGGCTGGTCC
IGHD6-39*01,GGGTATAGCAGCAGCTAC,exact,I5PF,GGGTATAGCAGCAGCTAC
IGHD6-39*01_S0850,GGGTATAGCAGCTAC,exact,UTCO,GGGTATAGCAGCTAC
IGHD7-40*01,CTAACTGGGGA,exact,C7RJ,CTAACTGGGGA
